skos:Scheme,ID,rdf:type (skos:),dct:source ,skos:broader,skos:broader name,skos:note @en,skos:scopeNote @en,skos:prefLabel @de,skos:altLabel @de,skos:altLabel @de,skos:prefLabel @en,skos:altLabel @en,skos:altLabel @en,skos:altLabel @en,external concept (wikidata),type of match (wikidata),external concept (chronontology),type of match (chronontology),external concept (getty),type of match (getty)
kulturepoche,100,topConcept,OeAI,,KulturEpoche,,,achämenidisch,,,Achaemenid,Achemenid,,,,,https://chronontology.dainst.org/period/vpg0DvwPQxyc,skos:exactMatch,,
kulturepoche,101,topConcept,OeAI,,KulturEpoche,,,ägyptisch,,,Egyptian,,,,,,https://chronontology.dainst.org/period/6VooUMYGJjOI,skos:exactMatch,,
kulturepoche,102,topConcept,OeAI,,KulturEpoche,,,assyrisch,,,Assyrian,,,,,,https://chronontology.dainst.org/period/8Acc6pBnRz4V,skos:exactMatch,,
kulturepoche,103,topConcept,OeAI,,KulturEpoche,,,byzantinisch,,,Byzantine,,,,,,https://chronontology.dainst.org/period/Rk5jShCApBwq,skos:exactMatch,,
kulturepoche,104,topConcept,OeAI,,KulturEpoche,,,Catalhöyük,Catalhüyük,,Catalhöyük,Çatalhüyük,,,https://www.wikidata.org/wiki/Q192522,skos:exactMatch,,,,
kulturepoche,105,topConcept,OeAI,,KulturEpoche,,,etruskisch,,,Etruscan,,,,,,https://chronontology.dainst.org/period/RGbECa9kHJT4,skos:exactMatch,,
kulturepoche,106,topConcept,OeAI,,KulturEpoche,,,Fikirtepe,,,Fikirtepe,,,,,,,,,
kulturepoche,107,topConcept,OeAI,,KulturEpoche,,,frühchristlich,,,Early Christian,,,,,,https://chronontology.dainst.org/period/J316Dxjfexrl,skos:exactMatch,,
kulturepoche,108,topConcept,OeAI,,KulturEpoche,,,griechisch,,,Greek,,,,,,https://chronontology.dainst.org/period/YOyP9TLDuhrb,skos:exactMatch,,
kulturepoche,109,topConcept,OeAI,,KulturEpoche,,,Hacilar,,,Hacilar,,,,https://www.wikidata.org/wiki/Q908860,skos:exactMatch,,,,
kulturepoche,110,topConcept,OeAI,,KulturEpoche,,,Halaf,,,Halaf,,,,,,https://chronontology.dainst.org/period/CePG4Xyy5sWn,skos:exactMatch,,
kulturepoche,111,topConcept,OeAI,,KulturEpoche,,,Hassuna,,,Hassuna,,,,,,https://chronontology.dainst.org/period/RcTmuXxf7IHX,skos:exactMatch,,
kulturepoche,112,topConcept,OeAI,,KulturEpoche,,,helladisch,,,Helladic,,,,,,https://chronontology.dainst.org/period/IOVQ33rqV4KM,skos:exactMatch,,
kulturepoche,113,topConcept,OeAI,,KulturEpoche,,,hethitisch,,,Hittite,,,,,,https://chronontology.dainst.org/period/OYIpMMUk6oOF,skos:exactMatch,,
kulturepoche,114,topConcept,OeAI,,KulturEpoche,,,iranisch,persisch,,Iranian,Persian,,,,,https://chronontology.dainst.org/period/elISqvMiPKMo,skos:exactMatch,,
kulturepoche,115,topConcept,OeAI,,KulturEpoche,,,islamisch,,,Islamic,,,,,,https://chronontology.dainst.org/period/gzNoWGDHpBcr,skos:exactMatch,,
kulturepoche,116,topConcept,OeAI,,KulturEpoche,,,italisch,,,Italic,,,,,,https://chronontology.dainst.org/period/2VmiOlvIObfR,skos:exactMatch,,
kulturepoche,117,topConcept,OeAI,,KulturEpoche,,,Kirbet Kerak,,,Khirbet Kerak,,,,,,https://chronontology.dainst.org/period/xfbzbyFXzV2z,skos:exactMatch,,
kulturepoche,118,topConcept,OeAI,,KulturEpoche,,,kykladisch,,,Cycladic,,,,,,https://chronontology.dainst.org/period/lRiuE8KqMdM4,skos:exactMatch,,
kulturepoche,119,topConcept,OeAI,,KulturEpoche,,,lydisch,,,Lydian,,,,,,https://chronontology.dainst.org/period/KprSO1DTzWOC,skos:exactMatch,,
kulturepoche,120,topConcept,OeAI,,KulturEpoche,,,minoisch,,,Minoan,,,,,,https://chronontology.dainst.org/period/fIA3SHJthHYh,skos:exactMatch,,
kulturepoche,121,topConcept,OeAI,,KulturEpoche,,,Mittelalter,,,Middle Ages,Medieval Period,,,,,https://chronontology.dainst.org/period/6Ulfr1r7LcBs,skos:exactMatch,,
kulturepoche,122,topConcept,OeAI,,KulturEpoche,,,mykenisch,,,Mycenaean,Mycenean,,,,,https://chronontology.dainst.org/period/iKJWJJjC5obx,skos:exactMatch,,
kulturepoche,123,topConcept,OeAI,,KulturEpoche,,,Neuzeit,,,Modern Era,,,,,,,,,
kulturepoche,124,topConcept,OeAI,,KulturEpoche,,,Obeid,Ubaid,Obed,Ubaid,,,,,,https://chronontology.dainst.org/period/ICVrqTb3uj90,skos:exactMatch,,
kulturepoche,125,topConcept,OeAI,,KulturEpoche,,,osmanisch,,,Ottoman,,,,,,https://chronontology.dainst.org/period/iOaFpwImnKYj,skos:exactMatch,,
kulturepoche,126,topConcept,OeAI,,KulturEpoche,,,phrygisch,,,Phrygian,,,,,,https://chronontology.dainst.org/period/n1fz7Xk0ved6,skos:exactMatch,,
kulturepoche,127,topConcept,OeAI,,KulturEpoche,,,Prähistorie,,,Prehistory,,,,,,https://chronontology.dainst.org/period/XLYbvLSSRb0t,skos:exactMatch,,
kulturepoche,128,topConcept,OeAI,,KulturEpoche,,,römisch,,,Roman,,,,,,https://chronontology.dainst.org/period/KTwRym1w8abB,skos:exactMatch,,
kulturepoche,129,topConcept,OeAI,,KulturEpoche,,,Samara,,,Samara,,,,,,,,,
kulturepoche,130,topConcept,OeAI,,KulturEpoche,,,urartäisch,,,Urartian,,,,,,https://chronontology.dainst.org/period/aPVWSbyFD0AQ,skos:exactMatch,,
kulturepoche,131,topConcept,OeAI,,KulturEpoche,,,zyprisch,,,Cypriot,Cypriote,,,,,https://chronontology.dainst.org/period/f1nOVhp4aLLF,skos:exactMatch,,
kulturepoche,132,Concept,OeAI,101,aegyptisch,,The divisions of the Egyptian periods do not perfectly align with the beginning and end of the dynasties.,1. Zwischenzeit,,,First Intermediate Period,,,,,,https://chronontology.dainst.org/period/kf17V19w3CWv,skos:exactMatch,,
kulturepoche,133,Concept,OeAI,101,aegyptisch,,"The Second Intermediate Period begins in the middle (or at the end, depending on the researcher) of the 13th Dynasty.",2. Zwischenzeit,,,Second Intermediate Period,,,,,,https://chronontology.dainst.org/period/6yDtOnq2H6fO,skos:exactMatch,,
kulturepoche,134,Concept,OeAI,101,aegyptisch,,The divisions of the Egyptian periods do not perfectly align with the beginning and end of the dynasties.,3. Zwischenzeit,,,Third Intermediate Period,,,,,,https://chronontology.dainst.org/period/3XPgYqqSJPoR,skos:exactMatch,,
kulturepoche,135,Concept,OeAI,101,aegyptisch,,The divisions of the Egyptian periods do not perfectly align with the beginning and end of the dynasties.,Altes Reich,,,Old Kingdom,,,,,,https://chronontology.dainst.org/period/kn2zrUYdWAe8,skos:exactMatch,,
kulturepoche,136,Concept,OeAI,101,aegyptisch,,The divisions of the Egyptian periods do not perfectly align with the beginning and end of the dynasties.,Frühzeit,,,Early Dynastic Period,Archaic,Thinite Period,,,,https://chronontology.dainst.org/period/bJXq0VVqpm2h,skos:exactMatch,,
kulturepoche,137,Concept,OeAI,101,aegyptisch,,The Middle Kingdom begins about halfway through the 11th Dynasty. The divisions of the Egyptian periods do not perfectly align with the beginning and end of the dynasties. ,Mittleres Reich,,,Middle Kingdom,,,,,,https://chronontology.dainst.org/period/876a7NVQZkH9,skos:exactMatch,,
kulturepoche,138,Concept,OeAI,101,aegyptisch,,The divisions of the Egyptian periods do not perfectly align with the beginning and end of the dynasties.,Neues Reich,,,New Kingdom,,,,,,https://chronontology.dainst.org/period/4DkjOuob3b7w,skos:exactMatch,,
kulturepoche,139,Concept,OeAI,101,aegyptisch,,The divisions of the Egyptian periods do not perfectly align with the beginning and end of the dynasties.,ptolemäische Zeit,ptolemaeische Zeit,,Ptolemaic Period,,,,,,https://chronontology.dainst.org/period/PKmoBh79izYT,skos:exactMatch,,
kulturepoche,140,Concept,OeAI,101,aegyptisch,,The divisions of the Egyptian periods do not perfectly align with the beginning and end of the dynasties.,Spätzeit,,,Late Period,,,,https://www.wikidata.org/wiki/Q621917,skos:exactMatch,,,,
kulturepoche,141,Concept,OeAI,101,aegyptisch,,,Vorgeschichte,,,Prehistory,,,,,,,,,
kulturepoche,142,Concept,OeAI,103,byzantinisch,,,frühbyzantinisch,,,Early Byzantine,,,,,,https://chronontology.dainst.org/period/EliRdMbzrRLJ,skos:exactMatch,,
kulturepoche,143,Concept,OeAI,103,byzantinisch,,,mittelbyzantinisch,,,Middle Byzantine,,,,,,https://chronontology.dainst.org/period/CLpWAMh5aUgH,skos:exactMatch,,
kulturepoche,144,Concept,OeAI,103,byzantinisch,,,spätbyzantinisch,,,Late Byzantine,,,,,,https://chronontology.dainst.org/period/rL37RWstkEFe,skos:exactMatch,,
kulturepoche,145,Concept,OeAI,108,griechisch,,,archaisch,,,Archaic,,,,,,https://chronontology.dainst.org/period/LBnJ3GkRUjSy,skos:exactMatch,,
kulturepoche,146,Concept,OeAI,108,griechisch,,,geometrisch,,,Geometric,,,,,,https://chronontology.dainst.org/period/AqUgeWHp0xIl,skos:exactMatch,,
kulturepoche,147,Concept,OeAI,108,griechisch,,,hellenistisch,,,Hellenistic,,,,,,https://chronontology.dainst.org/period/V9dy8McSgA2Y,skos:exactMatch,,
kulturepoche,148,Concept,OeAI,108,griechisch,,,klassisch,,,Classical,,,,,,https://chronontology.dainst.org/period/lgmcrzRuu418,skos:exactMatch,,
kulturepoche,149,Concept,OeAI,112,helladisch,,,frühhelladisch,,,Early Helladic,,,,,,https://chronontology.dainst.org/period/AYeqXxXF339o,skos:exactMatch,,
kulturepoche,150,Concept,OeAI,112,helladisch,,,mittelhelladisch,,,Middle Helladic,,,,,,https://chronontology.dainst.org/period/ROkpsNEzFjOm,skos:exactMatch,,
kulturepoche,151,Concept,OeAI,112,helladisch,,,späthelladisch,,,Late Helladic,,,,,,https://chronontology.dainst.org/period/aGXu2saj2dYX,skos:exactMatch,,
kulturepoche,152,Concept,OeAI,113,hethitisch,,,frühhethitisch,,,Old Hittite,,,,,,https://chronontology.dainst.org/period/Ielmwklxtvt1,skos:exactMatch,,
kulturepoche,153,Concept,OeAI,113,hethitisch,,,mittelhethitisch,,,Middle Hittite,,,,,,https://chronontology.dainst.org/period/Wv5o2s6PWOlH,skos:exactMatch,,
kulturepoche,154,Concept,OeAI,113,hethitisch,,,späthethitisch,,,Late Hittite,,,,,,,,,
kulturepoche,155,Concept,OeAI,114,iranisch,,,achämenidisch,achaemenidisch,,Achaemenid,Achemenid,,,,,https://chronontology.dainst.org/period/vpg0DvwPQxyc,skos:exactMatch,,
kulturepoche,156,Concept,OeAI,114,iranisch,,,arsakidisch,parthisch,,Parthian,,,,,,https://chronontology.dainst.org/period/cPkKW4krup3D,skos:exactMatch,,
kulturepoche,157,Concept,OeAI,114,iranisch,,,medisch,,,Median,,,,,,https://chronontology.dainst.org/period/CPnAH7wcZdIp,skos:exactMatch,,
kulturepoche,158,Concept,OeAI,114,iranisch,,,protoiranisch,,,Proto-Iranian,,,,,,,,,
kulturepoche,159,Concept,OeAI,114,iranisch,,,sassanidisch,,,Sassanid,Sasanid,,,,,https://chronontology.dainst.org/period/prX4hmZMs0yp,skos:exactMatch,,
kulturepoche,160,Concept,OeAI,116,italisch,,,apulisch,,,Apulian,,,,,,https://chronontology.dainst.org/period/RzbGVFodlQ5Z,skos:exactMatch,,
kulturepoche,161,Concept,OeAI,116,italisch,,,campanisch,,,Campanian,,,,,,https://chronontology.dainst.org/period/KzRNJP4WR6PS,skos:exactMatch,,
kulturepoche,162,Concept,OeAI,116,italisch,,,italo-geometrisch,,,Italo-Geometric,,,,,,,,,
kulturepoche,163,Concept,OeAI,116,italisch,,,latinisch,,,Latin,,,,,,,,,
kulturepoche,164,Concept,OeAI,116,italisch,,,ligurisch,,,Ligurian,,,,,,https://chronontology.dainst.org/period/qxRTvWeeS4mT,skos:exactMatch,,
kulturepoche,165,Concept,OeAI,116,italisch,,,oskisch,,,Oscan,,,,,,,,,
kulturepoche,166,Concept,OeAI,116,italisch,,,picenisch,,,Picentine,,,,,,,,,
kulturepoche,167,Concept,OeAI,116,italisch,,,samnitisch,,,Samnite,,,,,,https://chronontology.dainst.org/period/0Yevp82GLwdT,skos:exactMatch,,
kulturepoche,168,Concept,OeAI,116,italisch,,,umbrisch,,,Umbrian,,,,,,https://chronontology.dainst.org/period/34aNFX1SMAZ6,skos:exactMatch,,
kulturepoche,169,Concept,OeAI,117,Kirbet Kerak,,,Karazkultur,,,Kura–Araxes,Kur–Araz,,,https://www.wikidata.org/wiki/Q169349,skos:exactMatch,,,,
kulturepoche,170,Concept,OeAI,118,kykladisch,,,frühkykladisch,,,Early Cycladic,,,,,,https://chronontology.dainst.org/period/9eJnzwj23JAu,skos:exactMatch,,
kulturepoche,171,Concept,OeAI,118,kykladisch,,,mittelkykladisch,,,Middle Cycladic,,,,,,https://chronontology.dainst.org/period/73BHzmkXjTDx,skos:exactMatch,,
kulturepoche,172,Concept,OeAI,118,kykladisch,,,spätkykladisch,,,Late Cycladic,,,,,,https://chronontology.dainst.org/period/un3ffUxH9BBz,skos:exactMatch,,
kulturepoche,173,Concept,OeAI,120,minoisch,,,frühminoisch,,,Early Minoan,,,,,,https://chronontology.dainst.org/period/3LyVa2wb88y0,skos:exactMatch,,
kulturepoche,174,Concept,OeAI,120,minoisch,,,mittelminoisch,,,Middle Minoan,,,,,,https://chronontology.dainst.org/period/SuuD817asCH2,skos:exactMatch,,
kulturepoche,175,Concept,OeAI,120,minoisch,,,spätminoisch,,,Late Minoan,,,,,,https://chronontology.dainst.org/period/6e2ZbRiMULdQ,skos:exactMatch,,
kulturepoche,176,Concept,OeAI,120,minoisch,,,subminoisch,,,Sub Minoan,Sub-Minoan,,,,,https://chronontology.dainst.org/period/b40GOqHyfQlv,skos:exactMatch,,
kulturepoche,177,Concept,OeAI,121,Mittelalter,,,Frühmittelalter,,,Early Middle Ages,Early Medieval,,,https://www.wikidata.org/wiki/Q202763,skos:exactMatch,,,,
kulturepoche,178,Concept,OeAI,121,Mittelalter,,,Gotik,,,Gothic,,,,https://www.wikidata.org/wiki/Q46825,skos:exactMatch,,,,
kulturepoche,179,Concept,OeAI,121,Mittelalter,,,Romanik,,,Romanesque,,,,https://www.wikidata.org/wiki/Q46805,skos:exactMatch,,,,
kulturepoche,180,Concept,OeAI,121,Mittelalter,,,Spätmittelalter,,,Late Middle Ages,Late Medieval,,,https://www.wikidata.org/wiki/Q212976,skos:exactMatch,,,,
kulturepoche,181,Concept,OeAI,121,Mittelalter,,,Völkerwanderung,,,Migration,,,,https://www.wikidata.org/wiki/Q131192,skos:exactMatch,,,,
kulturepoche,182,Concept,OeAI,122,mykenisch,,,frühmykenisch,,,Early Mycenaean,,,,,,https://chronontology.dainst.org/period/aGIlO07l9Yc5,skos:exactMatch,,
kulturepoche,183,Concept,OeAI,122,mykenisch,,,mittelmykenisch,,,Middle Mycenaean,,,,,,https://chronontology.dainst.org/period/Ns3tiKfNhVmL,skos:exactMatch,,
kulturepoche,184,Concept,OeAI,122,mykenisch,,,spätmykenisch,,,Late Mycenaean,,,,,,https://chronontology.dainst.org/period/etfLhNF0LtBT,skos:exactMatch,,
kulturepoche,185,Concept,OeAI,122,mykenisch,,,submykenisch,,,Submycenean,,,,,,https://chronontology.dainst.org/period/cAUvIcb93BsX,skos:exactMatch,,
kulturepoche,186,Concept,OeAI,123,Neuzeit,,,Barock,,,Baroque,,,,https://www.wikidata.org/wiki/Q37853,skos:exactMatch,,,,
kulturepoche,187,Concept,OeAI,123,Neuzeit,,,Historismus,,,historicism,,,,https://www.wikidata.org/wiki/Q277466,skos:exactMatch,,,,
kulturepoche,188,Concept,OeAI,123,Neuzeit,,,Jugendstil,,,Art Nouveau,,,,https://www.wikidata.org/wiki/Q34636,skos:exactMatch,,,,
kulturepoche,189,Concept,OeAI,123,Neuzeit,,,Klassizismus,,,Classicism,,,,https://www.wikidata.org/wiki/Q170292,skos:exactMatch,,,,
kulturepoche,190,Concept,OeAI,123,Neuzeit,,,Renaissance,,,Renaissance,,,,https://www.wikidata.org/wiki/Q4692,skos:exactMatch,,,,
kulturepoche,191,Concept,OeAI,123,Neuzeit,,,Rokoko,,,Rococo,,,,https://www.wikidata.org/wiki/Q122960,skos:exactMatch,,,,
kulturepoche,192,Concept,OeAI,127,Praehistorie,,,Bronzezeit,,,Bronze Age,,,,https://www.wikidata.org/wiki/Q11761,skos:exactMatch,,,,
kulturepoche,193,Concept,OeAI,127,Praehistorie,,,Chalkolithikum,Kupferzeit,,Chalcolithic,Copper Age,Eneolithic,Aeneolithic,https://www.wikidata.org/wiki/Q130253,skos:exactMatch,,,,
kulturepoche,194,Concept,OeAI,127,Praehistorie,,,Neolithikum,,,Neolithic,,,,https://www.wikidata.org/wiki/Q36422,skos:exactMatch,,,,
kulturepoche,195,Concept,OeAI,127,Praehistorie,,,Paläolithikum,Palaeolithikum,,Palaeolithic,Paleolithic,,,https://www.wikidata.org/wiki/Q40203,skos:exactMatch,,,,
kulturepoche,196,Concept,OeAI,127,Praehistorie,,,Proto-Sesklo,,,Proto-Sesklo,Pre-Sesklo,,,,,,,http://vocab.getty.edu/page/aat/300106928,skos:exactMatch
kulturepoche,197,Concept,OeAI,127,Praehistorie,,,Sesklo,,,Sesklo,,,,,,,,http://vocab.getty.edu/page/aat/300106931,skos:exactMatch
kulturepoche,198,Concept,OeAI,128,römisch,,,kaiserzeitlich,,,Roman Empire,,,,,,https://chronontology.dainst.org/period/bCTpXj4LVC2n,skos:exactMatch,,
kulturepoche,199,Concept,OeAI,128,römisch,,,republikanisch,,,Roman Republic,,,,,,https://chronontology.dainst.org/period/RX2Rv7kcbLGk,skos:exactMatch,,
kulturepoche,200,Concept,OeAI,130,urartäisch,,,frühurartäisch,,,Early Urartian,,,,,,,,,
kulturepoche,201,Concept,OeAI,130,urartäisch,,,mittelurartäisch,,,Middle Urartian,,,,,,,,,
kulturepoche,202,Concept,OeAI,130,urartäisch,,,späturartäisch,,,Late Urartian,,,,,,,,,
kulturepoche,203,Concept,OeAI,128,römisch,,,spätantik,,,Late Antiquity,,,,https://www.wikidata.org/wiki/Q217050,skos:exactMatch,,,,
kulturepoche,204,topConcept,OeAI,,KulturEpoche,,,selcukisch,,,,,,,,,,,,
kulturepoche,205,Concept,OeAI,132,1. Zwischenzeit,,,10. Dynastie,,,10th Dynasty,,,,https://www.wikidata.org/wiki/Q429981,skos:exactMatch,,,,
kulturepoche,206,Concept,OeAI,132,1. Zwischenzeit,,,9. Dynastie,,,9th Dynasty,,,,https://www.wikidata.org/wiki/Q728449,skos:exactMatch,,,,
kulturepoche,207,Concept,OeAI,133,2. Zwischenzeit,,"The Second Intermediate Period begins in the middle (or at the end, depending on the researcher) of the 13th Dynasty",13. Dynastie,,,13th Dynasty,,,,https://www.wikidata.org/wiki/Q721807,skos:exactMatch,,,,
kulturepoche,208,Concept,OeAI,133,2. Zwischenzeit,,,14. Dynastie,,,14th Dynasty,,,,https://www.wikidata.org/wiki/Q650945,skos:exactMatch,,,,
kulturepoche,209,Concept,OeAI,133,2. Zwischenzeit,,,15. Dynastie,,,15th Dynasty,,,,https://www.wikidata.org/wiki/Q728479,skos:exactMatch,,,,
kulturepoche,210,Concept,OeAI,133,2. Zwischenzeit,,,16. Dynastie,,,16th Dynasty,,,,https://www.wikidata.org/wiki/Q737695,skos:exactMatch,,,,
kulturepoche,211,Concept,OeAI,133,2. Zwischenzeit,,,17. Dynastie,,,17th Dynasty,,,,https://www.wikidata.org/wiki/Q642301,skos:exactMatch,,,,
kulturepoche,212,Concept,OeAI,134,3. Zwischenzeit,,,21. Dynastie,,,21st Dynasty,,,,https://www.wikidata.org/wiki/Q748151,skos:exactMatch,,,,
kulturepoche,213,Concept,OeAI,134,3. Zwischenzeit,,,22. Dynastie,,,22nd Dynasty,,,,https://www.wikidata.org/wiki/Q737629,skos:exactMatch,,,,
kulturepoche,214,Concept,OeAI,134,3. Zwischenzeit,,,23. Dynastie,,,23rd Dynasty,,,,https://www.wikidata.org/wiki/Q748170,skos:exactMatch,,,,
kulturepoche,215,Concept,OeAI,134,3. Zwischenzeit,,,24. Dynastie,,,24th Dynasty,,,,https://www.wikidata.org/wiki/Q754749,skos:exactMatch,,,,
kulturepoche,216,Concept,OeAI,134,3. Zwischenzeit,,,25. Dynastie,,,25th Dynasty,,,,https://www.wikidata.org/wiki/Q737648,skos:exactMatch,,,,
kulturepoche,217,Concept,OeAI,135,Altes Reich,,,3. Dynastie,,,3rd Dynasty,,,,https://www.wikidata.org/wiki/Q220276,skos:exactMatch,,,,
kulturepoche,218,Concept,OeAI,135,Altes Reich,,,4. Dynastie,,,4th Dynasty,,,,https://www.wikidata.org/wiki/Q211001,skos:exactMatch,,,,
kulturepoche,219,Concept,OeAI,135,Altes Reich,,,5. Dynastie,,,5th Dynasty,,,,https://www.wikidata.org/wiki/Q269237,skos:exactMatch,,,,
kulturepoche,220,Concept,OeAI,135,Altes Reich,,,6. Dynastie,,,6th Dynasty,,,,https://www.wikidata.org/wiki/Q269979,skos:exactMatch,,,,
kulturepoche,221,Concept,OeAI,135,Altes Reich,,,8. Dynastie,,,8th Dynasty,,,,https://www.wikidata.org/wiki/Q1400616,skos:exactMatch,,,,
kulturepoche,222,Concept,OeAI,136,Fruehzeit,,,1. Dynastie,,,1st Dynasty,,,,https://www.wikidata.org/wiki/Q203859,skos:exactMatch,,,,
kulturepoche,223,Concept,OeAI,136,Fruehzeit,,,2. Dynastie,,,2nd Dynasty,,,,https://www.wikidata.org/wiki/Q207778,skos:exactMatch,,,,
kulturepoche,224,Concept,OeAI,137,Mittleres Reich,,The Middle Kingdom begins around the middle of the 11th dynasty.,11. Dynastie,,,11th Dynasty,,,,https://www.wikidata.org/wiki/Q719634,skos:exactMatch,,,,
kulturepoche,225,Concept,OeAI,137,Mittleres Reich,,,12. Dynastie,,,12th Dynasty,,,,https://www.wikidata.org/wiki/Q719639,skos:exactMatch,,,,
kulturepoche,226,Concept,OeAI,138,Neues Reich,,,18. Dynastie,,,18th Dynasty,,,,https://www.wikidata.org/wiki/Q146055,skos:exactMatch,,,,
kulturepoche,227,Concept,OeAI,138,Neues Reich,,,19. Dynastie,,,19th Dynasty,,,,https://www.wikidata.org/wiki/Q157956,skos:exactMatch,,,,
kulturepoche,228,Concept,OeAI,138,Neues Reich,,,20. Dynastie,,,20th Dynasty,,,,https://www.wikidata.org/wiki/Q583501,skos:exactMatch,,,,
kulturepoche,229,Concept,OeAI,140,Spaetzeit,,,27. Dynastie,,,27th Dynasty,,,,https://www.wikidata.org/wiki/Q926624,skos:exactMatch,,,,
kulturepoche,230,Concept,OeAI,140,Spaetzeit,,,28. Dynastie,,,28th Dynasty,,,,https://www.wikidata.org/wiki/Q833118,skos:exactMatch,,,,
kulturepoche,231,Concept,OeAI,140,Spaetzeit,,,29. Dynastie,,,29th Dynasty,,,,https://www.wikidata.org/wiki/Q511257,skos:exactMatch,,,,
kulturepoche,232,Concept,OeAI,140,Spaetzeit,,,30. Dynastie,,,30th Dynasty,,,,https://www.wikidata.org/wiki/Q386303,skos:exactMatch,,,,
kulturepoche,233,Concept,OeAI,140,Spaetzeit,,,31. Dynastie,,,31st Dynasty,,,,https://www.wikidata.org/wiki/Q978071,skos:exactMatch,,,,
kulturepoche,234,Concept,OeAI,142,fruehbyzantinisch,,,justinianisch,,,Justinian,,,,,,https://chronontology.dainst.org/period/i8FokDK41BZ6,skos:exactMatch,,
kulturepoche,235,Concept,OeAI,145,archaisch,,,früharchaisch,,,Early Archaic,,,,,,https://chronontology.dainst.org/period/0Jnp2MWmSZjC,skos:exactMatch,,
kulturepoche,236,Concept,OeAI,145,archaisch,,,hocharchaisch,,,High Archaic,Middle Archaic,,,,,https://chronontology.dainst.org/period/gFZviC9Ehp0O,skos:exactMatch,,
kulturepoche,237,Concept,OeAI,145,archaisch,,,orientalisierend,,,Orientalizing Period,Orientalizing Period,Orientalising Revolution,Orientalizing Revolution,,,https://chronontology.dainst.org/period/7FaA0NgbdXDs,skos:exactMatch,,
kulturepoche,238,Concept,OeAI,145,archaisch,,,spätarchaisch,,,Late Archaic,,,,,,https://chronontology.dainst.org/period/6GXiCOaCfmTQ,skos:exactMatch,,
kulturepoche,239,Concept,OeAI,146,geometrisch,,,frühgeometrisch,,,Early Geometric,,,,,,https://chronontology.dainst.org/period/9EZPSCbQ0bNP,skos:exactMatch,,
kulturepoche,240,Concept,OeAI,146,geometrisch,,,mittelgeometrisch,,,Middle Geometric,,,,,,https://chronontology.dainst.org/period/AMH9SUN4lnKm,skos:exactMatch,,
kulturepoche,241,Concept,OeAI,146,geometrisch,,,protogeometrisch,,,Proto-Geometric,Protogeometric,,,,,https://chronontology.dainst.org/period/90Hn6glf9wp5,skos:exactMatch,,
kulturepoche,242,Concept,OeAI,146,geometrisch,,,spätgeometrisch,,,Late Geometric,,,,,,https://chronontology.dainst.org/period/3Y47oKS1Pg8L,skos:exactMatch,,
kulturepoche,243,Concept,OeAI,146,geometrisch,,,subgeometrisch,,,Sub Geometric,Sub-Geometric,,,,,https://chronontology.dainst.org/period/U5KkgjlmLIc4,skos:exactMatch,,
kulturepoche,244,Concept,OeAI,147,hellenistisch,,,frühhellenistisch,,,Early Hellenistic,,,,,,https://chronontology.dainst.org/period/hORjfiFsdbaX,skos:exactMatch,,
kulturepoche,245,Concept,OeAI,147,hellenistisch,,,hochhellenistisch,,,High Hellenistic,Middle Hellenistic,,,,,https://chronontology.dainst.org/period/f1xgSq2EAdyK,skos:exactMatch,,
kulturepoche,246,Concept,OeAI,147,hellenistisch,,,späthellenistisch,,,Late Hellenistic,,,,,,https://chronontology.dainst.org/period/78jvQ8c4qZaK,skos:exactMatch,,
kulturepoche,247,Concept,OeAI,148,klassisch,,,frühklassisch,,,Early Classical,,,,,,https://chronontology.dainst.org/period/HEBM03OOyAM5,skos:exactMatch,,
kulturepoche,248,Concept,OeAI,148,klassisch,,,hochklassisch,,,High Classical,Middle Classical,,,,,https://chronontology.dainst.org/period/8yAvVAy4qe98,skos:exactMatch,,
kulturepoche,249,Concept,OeAI,148,klassisch,,,Reicher Stil,,,Rich Style,,,,,,,,,
kulturepoche,250,Concept,OeAI,148,klassisch,,,spätklassisch,,,Late Classical,,,,,,https://chronontology.dainst.org/period/tZJKzlCggBFA,skos:exactMatch,,
kulturepoche,251,Concept,OeAI,151,Späthelladisch,,,Späthelladisch I,SH I,Spaethelladisch I,Late Helladic I,,,,,,https://chronontology.dainst.org/period/3i1UvjawzQ73,skos:exactMatch,,
kulturepoche,253,Concept,OeAI,151,Späthelladisch,,,Späthelladisch II,SH II,Spaethelladisch II,Late Helladic II,,,,,,https://chronontology.dainst.org/period/yXcDwVzqYOZc,skos:exactMatch,,
kulturepoche,254,Concept,OeAI,253,Späthelladisch II,,,Späthelladisch IIA,SH IIA,Spaethelladisch IIA,Late Helladic IIA,,,,,,https://chronontology.dainst.org/period/U8Bt9qsUxdPg,skos:exactMatch,,
kulturepoche,255,Concept,OeAI,253,Späthelladisch II,,,Späthelladisch IIB,SH IIB,Spaethelladisch IIB,Late Helladic IIB,,,,,,https://chronontology.dainst.org/period/OmLwJwy7CuKS,skos:exactMatch,,
kulturepoche,256,Concept,OeAI,151,Späthelladisch,,,Späthelladisch III,SH III,Spaethelladisch III,Late Helladic III,,,,,,https://chronontology.dainst.org/period/O5pOSDbgUIEU,skos:exactMatch,,
kulturepoche,257,Concept,OeAI,256,Späthelladisch III,,,Späthelladisch IIIA,SH IIIA,Spaethelladisch IIIA,Late Helladic IIIA,,,,,,https://chronontology.dainst.org/period/RZIAbqaeTzmI,skos:exactMatch,,
kulturepoche,258,Concept,OeAI,257,Späthelladisch IIIA,,,Späthelladisch IIIA1,SH IIIA1,Spaethelladisch IIIA1,Late Helladic IIIA1,,,,,,https://chronontology.dainst.org/period/GZrnbuJSY6yV,skos:exactMatch,,
kulturepoche,259,Concept,OeAI,257,Späthelladisch IIIA,,,Späthelladisch IIIA2,SH IIIA2,Spaethelladisch IIIA2,Late Helladic IIIA2,,,,,,https://chronontology.dainst.org/period/NUh7uOh17QQb,skos:exactMatch,,
kulturepoche,260,Concept,OeAI,256,Späthelladisch III,,,Späthelladisch IIIB,SH IIIB,Spaethelladisch IIIB,Late Helladic IIIB,,,,,,https://chronontology.dainst.org/period/anG2pmK0097C,skos:exactMatch,,
kulturepoche,262,Concept,OeAI,260,Späthelladisch IIIB,,,Späthelladisch IIIB1,SH IIIB1,Spaethelladisch IIIB1,Late Helladic IIIB1,,,,,,https://chronontology.dainst.org/period/7G2xPRWnKY06,skos:exactMatch,,
kulturepoche,263,Concept,OeAI,260,Späthelladisch IIIB,,,Späthelladisch IIIB2,SH IIIB2,Spaethelladisch IIIB2,Late Helladic IIIB2,,,,,,https://chronontology.dainst.org/period/FLVf6DQUB25L,skos:exactMatch,,
kulturepoche,264,Concept,OeAI,256,Späthelladisch III,,,Späthelladisch IIIC,SH IIIC,Spaethelladisch IIIC,Late Helladic III C,,,,,,https://chronontology.dainst.org/period/z2paLntWaKJm,skos:exactMatch,,
kulturepoche,265,Concept,OeAI,172,Spätkykladisch,,,Spätkykladisch I,SK I,Spaetkykladisch I,Late Cycladic I,,,,,,https://chronontology.dainst.org/period/OhCEL9ryU4HL,skos:exactMatch,,
kulturepoche,266,Concept,OeAI,173,Frühminoisch,,,Frühminoisch I,FM I,Fruehminoisch I,Early Minoan I,,,,,,https://chronontology.dainst.org/period/W4Pzs5WmUR8U,skos:exactMatch,,
kulturepoche,267,Concept,OeAI,173,Frühminoisch,,,Frühminoisch II,FM II,Fruehminoisch II,Early Minoan II,,,,,,https://chronontology.dainst.org/period/4XeWN5lpQooL,skos:exactMatch,,
kulturepoche,268,Concept,OeAI,267,Frühminoisch II,,,Frühminoisch IIA,FM IIA,Fruehminoisch IIA,Early Minoan IIA,,,,,,https://chronontology.dainst.org/period/x5uSxZmg05qr,skos:exactMatch,,
kulturepoche,269,Concept,OeAI,267,Frühminoisch II,,,Frühminoisch IIB,FM IIB,Fruehminoisch IIB,Early Minoan IIB,,,,,,https://chronontology.dainst.org/period/2Rt01S20nMqq,skos:exactMatch,,
kulturepoche,270,Concept,OeAI,173,Frühminoisch,,,Frühminoisch III,FM III,Fruehminoisch III,Early Minoan III,,,,,,https://chronontology.dainst.org/period/UDNlSgJFLNoO,skos:exactMatch,,
kulturepoche,272,Concept,OeAI,174,Mittelminoisch,,,Mittelminoisch I,MM I,,Middle Minoan I,,,,,,https://chronontology.dainst.org/period/INd7rM5RESXX,skos:exactMatch,,
kulturepoche,274,Concept,OeAI,272,Mittelminoisch I,,,Mittelminoisch IA,MM IA,,Middle Minoan IA,,,,,,https://chronontology.dainst.org/period/72DTmZZMriHD,skos:exactMatch,,
kulturepoche,275,Concept,OeAI,272,Mittelminoisch I,,,Mittelminoisch IB,MM IB,,Middle Minoan IB,,,,,,https://chronontology.dainst.org/period/vGkLErraPKsL,skos:exactMatch,,
kulturepoche,276,Concept,OeAI,174,Mittelminoisch,,,Mittelminoisch II,MM II,,Middle Minoan II,,,,,,https://chronontology.dainst.org/period/p0qvojDBQkKo,skos:exactMatch,,
kulturepoche,277,Concept,OeAI,276,Mittelminoisch II,,,Mittelminoisch IIA,MM IIA,,Middle Minoan IIA,,,,,,https://chronontology.dainst.org/period/zwAAOU6Hu2Nm,skos:exactMatch,,
kulturepoche,278,Concept,OeAI,276,Mittelminoisch II,,,Mittelminoisch IIB,MM IIB,,Middle Minoan IIB,,,,,,https://chronontology.dainst.org/period/PpAGOV3UBCMU,skos:exactMatch,,
kulturepoche,279,Concept,OeAI,174,Mittelminoisch,,,Mittelminoisch III,MM III,,Middle Minoan III,,,,,,https://chronontology.dainst.org/period/4AmzRtTJnBIg,skos:exactMatch,,
kulturepoche,280,Concept,OeAI,279,Mittelminoisch III,,,Mittelminoisch IIIA,MM IIIA,,Middle Minoan IIIA,,,,,,https://chronontology.dainst.org/period/L3Ky6d0YpzMe,skos:exactMatch,,
kulturepoche,281,Concept,OeAI,279,Mittelminoisch III,,,Mittelminoisch IIIB,MM IIIB,,Middle Minoan IIIB,,,,,,https://chronontology.dainst.org/period/G5kuvyw9DDaX,skos:exactMatch,,
kulturepoche,282,Concept,OeAI,175,Spätminoisch,,,Spätminoisch I,SM I,Spaetminoisch I,Late Minoan I,,,,,,https://chronontology.dainst.org/period/Ggh6F2OLrBJd,skos:exactMatch,,
kulturepoche,283,Concept,OeAI,282,Spätminoisch I,,,Spätminoisch IA,SM IA,Spaetminoisch IA,Late Minoan IA,,,,,,https://chronontology.dainst.org/period/K7vWtxMoUJ14,skos:exactMatch,,
kulturepoche,284,Concept,OeAI,282,Spätminoisch I,,,Spätminoisch IB,SM IB,Spaetminoisch IB,Late Minoan IB,,,,,,https://chronontology.dainst.org/period/zKxEgCZAMote,skos:exactMatch,,
kulturepoche,285,Concept,OeAI,175,Spätminoisch,,,Spätminoisch II,SM II,Spaetminoisch II,Late Minoan II,,,,,,https://chronontology.dainst.org/period/ZpocwkvytUpd,skos:exactMatch,,
kulturepoche,287,Concept,OeAI,175,Spätminoisch,,,Spätminoisch III,SM III,Spaetminoisch III,Late Minoan III,,,,,,https://chronontology.dainst.org/period/P5Z5GW8eOMbY,skos:exactMatch,,
kulturepoche,288,Concept,OeAI,287,Spätminoisch III,,,Spätminoisch IIIA,SM IIIA,Spaetminoisch IIIA,Late Minoan IIIA,,,,,,https://chronontology.dainst.org/period/pHRknhlqTDKh,skos:exactMatch,,
kulturepoche,290,Concept,OeAI,288,Spätminoisch IIIA,,,Spätminoisch IIIA1,SM IIIA1,Spaetminoisch IIIA1,Late Minoan IIIA1,,,,,,https://chronontology.dainst.org/period/XVMa04OzqkyP,skos:exactMatch,,
kulturepoche,291,Concept,OeAI,288,Spätminoisch IIIA,,,Spätminoisch IIIA2,SM IIIA2,Spaetminoisch IIIA2,Late Minoan IIIA2,,,,,,https://chronontology.dainst.org/period/eRjJwJeWpOhx,skos:exactMatch,,
kulturepoche,292,Concept,OeAI,287,Spätminoisch III,,,Spätminoisch IIIB,SM IIIB,Spaetminoisch IIIB,Late Minoan IIIB,,,,,,https://chronontology.dainst.org/period/CwQTWp2KJdpr,skos:exactMatch,,
kulturepoche,293,Concept,OeAI,287,Spätminoisch III,,,Spätminoisch IIIC,SM IIIC,Spaetminoisch IIIC,Late Minoan IIIC,,,,,,https://chronontology.dainst.org/period/wWNOmfiKSqfq,skos:exactMatch,,
kulturepoche,294,Concept,OeAI,181,Voelkerwanderung,,,alamannisch,alemannisch,,Alamannic,,,,,,https://chronontology.dainst.org/period/oRysjlNaQkF5,skos:exactMatch,,
kulturepoche,295,Concept,OeAI,181,Voelkerwanderung,,,awarisch,,,Avar,,,,,,https://chronontology.dainst.org/period/gZM469VRx0RO,skos:exactMatch,,
kulturepoche,296,Concept,OeAI,181,Voelkerwanderung,,,bajuwarisch,,,Bavarian,,,,,,https://chronontology.dainst.org/period/D9H0YAbqkZVY,skos:exactMatch,,
kulturepoche,297,Concept,OeAI,181,Voelkerwanderung,,,hunnisch,,,Hunnic,,,,,,https://chronontology.dainst.org/period/IjIbjrz1ImyR,skos:exactMatch,,
kulturepoche,298,Concept,OeAI,192,Bronzezeit,,,Frühbronzezeit,,,Early Bronze Age,,,,https://www.wikidata.org/wiki/Q1471923,skos:exactMatch,,,,
kulturepoche,299,Concept,OeAI,192,Bronzezeit,,,Mittelbronzezeit,,,Middle Bronze Age,,,,https://www.wikidata.org/wiki/Q17175310,skos:exactMatch,,,,
kulturepoche,300,Concept,OeAI,192,Bronzezeit,,,Spätbronzezeit,,,Late Bronze Age,,,,https://www.wikidata.org/wiki/Q1758757,skos:exactMatch,,,,
kulturepoche,301,Concept,OeAI,193,Chalkolithikum,,,Frühchalkolithikum,,,Early Chalcolithic,,,,,,,,http://vocab.getty.edu/page/aat/300106751,skos:exactMatch
kulturepoche,302,Concept,OeAI,193,Chalkolithikum,,,Mittelchalkolithikum,,,Middle Chalcolithic,,,,,,,,http://vocab.getty.edu/page/aat/300106753,skos:exactMatch
kulturepoche,303,Concept,OeAI,193,Chalkolithikum,,,Spätchalkolithikum,,,Late Chalcolithic,,,,,,,,http://vocab.getty.edu/page/aat/300106755,skos:exactMatch
kulturepoche,304,Concept,OeAI,194,Neolithikum,,,"Neolithikum, akeramisch",,,Pre-pottery Neolithic,,,,https://www.wikidata.org/wiki/Q1190360,skos:exactMatch,,,,
kulturepoche,305,Concept,OeAI,194,Neolithikum,,,"Neolithikum, keramisch",,,Pottery Neolithic,,,,,,,,http://vocab.getty.edu/page/aat/300263188,skos:exactMatch
kulturepoche,306,Concept,OeAI,195,Paläolithikum,,,Epipaläolithikum,,,Epipalaeolithic,Epipaleolithic,,,https://www.wikidata.org/wiki/Q829005,skos:exactMatch,,,,
kulturepoche,307,Concept,OeAI,195,Paläolithikum,,,Frühpaläolithikum,,,Lower Palaeolithic,Lower Paleolithic,,,,,,,,
kulturepoche,308,Concept,OeAI,195,Paläolithikum,,,Mittelpaläolithikum,,,Middle Palaeolithic,Middle Paleolithic,,,,,,,,
kulturepoche,309,Concept,OeAI,195,Paläolithikum,,,Spätpaläolithikum,,,Upper Palaeolithic,Upper Paleolithic,,,,,,,,
kulturepoche,310,Concept,OeAI,198,kaiserzeitlich,,,frühkaiserzeitlich,,,Early Roman Empire,,,,,,https://chronontology.dainst.org/period/vve7mgqkCAGE,skos:exactMatch,,
kulturepoche,311,Concept,OeAI,198,kaiserzeitlich,,,mittelkaiserzeitlich,,,High Roman Empire,Middle Roman Empire,,,,,https://chronontology.dainst.org/period/OTyMiCtkjqCz,skos:exactMatch,,
kulturepoche,312,Concept,OeAI,198,kaiserzeitlich,,,spätkaiserzeitlich,,,Late Roman Empire,,,,,,https://chronontology.dainst.org/period/7fDysWha7NKs,skos:exactMatch,,
kulturepoche,313,Concept,OeAI,199,republikanisch,,,frührepublikanisch,,,Early Roman Republic,,,,,,https://chronontology.dainst.org/period/Y863Mey70o4t,skos:exactMatch,,
kulturepoche,314,Concept,OeAI,199,republikanisch,,,spätrepublikanisch,,,Late Roman Republic,,,,,,https://chronontology.dainst.org/period/GzPQDbfWXlR8,skos:exactMatch,,
kulturepoche,315,Concept,OeAI,225,12. Dynastie,,,Sobeknofru-Zeit,,,Sobekneferu,Nefrusobek,Nofrusobek,,https://www.wikidata.org/wiki/Q228951,skos:exactMatch,,,,
kulturepoche,316,Concept,OeAI,209,15. Dynastie,,,Apachnas-Zeit,,,Apachnan,Pachnan,,,,,,,,
kulturepoche,317,Concept,OeAI,209,15. Dynastie,,,Apophis-Zeit,,,Apepi,Ipepi,Apophis,,https://www.wikidata.org/wiki/Q322169,skos:exactMatch,,,,
kulturepoche,318,Concept,OeAI,209,15. Dynastie,,,Beon-Zeit,,,Sheshi,Bnon,Beon,,https://www.wikidata.org/wiki/Q880139,skos:exactMatch,,,,
kulturepoche,319,Concept,OeAI,209,15. Dynastie,,,Chajan-Zeit,,,Khyan,,,,https://www.wikidata.org/wiki/Q440496,skos:exactMatch,,,,
kulturepoche,320,Concept,OeAI,209,15. Dynastie,,,Chamudi-Zeit,,,Khamudi,,,,https://www.wikidata.org/wiki/Q879157,skos:exactMatch,,,,
kulturepoche,321,Concept,OeAI,209,15. Dynastie,,,Salitis-Zeit,,,Salitis,,,,https://www.wikidata.org/wiki/Q509679,skos:exactMatch,,,,
kulturepoche,322,Concept,OeAI,212,21. Dynastie,,,Amenemnisut-Zeit,,,Amenemnisu,,,,https://www.wikidata.org/wiki/Q434877,skos:exactMatch,,,,
kulturepoche,323,Concept,OeAI,212,21. Dynastie,,,Amenemopet-Zeit,,,Amenemope,,,,https://www.wikidata.org/wiki/Q462448,skos:exactMatch,,,,
kulturepoche,324,Concept,OeAI,212,21. Dynastie,,,Osochor-Zeit,,,Osorkon the Elder,Osochor,,,https://www.wikidata.org/wiki/Q708389,skos:exactMatch,,,,
kulturepoche,325,Concept,OeAI,212,21. Dynastie,,,Psusennes I.-Zeit,,,Psusennes I,,,,https://www.wikidata.org/wiki/Q380676,skos:exactMatch,,,,
kulturepoche,326,Concept,OeAI,212,21. Dynastie,,,Psusennes II.-Zeit,,,Psusennes II,,,,https://www.wikidata.org/wiki/Q165989,skos:exactMatch,,,,
kulturepoche,327,Concept,OeAI,212,21. Dynastie,,,Siamun-Zeit,,,Siamun,,,,https://www.wikidata.org/wiki/Q366097,skos:exactMatch,,,,
kulturepoche,328,Concept,OeAI,212,21. Dynastie,,,Smendes-Zeit,,,Smendes,,,,https://www.wikidata.org/wiki/Q336395,skos:exactMatch,,,,
kulturepoche,329,Concept,OeAI,213,22. Dynastie,,,Auput I.-Zeit,,,Iuput I,,,,https://www.wikidata.org/wiki/Q596489,skos:exactMatch,,,,
kulturepoche,330,Concept,OeAI,213,22. Dynastie,,,Harsieset-Zeit,,,Harsiese,,,,,,,,,
kulturepoche,331,Concept,OeAI,213,22. Dynastie,,,Ini-Zeit,,,Ini,,,,https://www.wikidata.org/wiki/Q325744,skos:exactMatch,,,,
kulturepoche,332,Concept,OeAI,213,22. Dynastie,,,Osorkon I.-Zeit,,,Osorkon I,,,,https://www.wikidata.org/wiki/Q515574,skos:exactMatch,,,,
kulturepoche,333,Concept,OeAI,213,22. Dynastie,,,Osorkon II.-Zeit,,,Osorkon II,,,,https://www.wikidata.org/wiki/Q459153,skos:exactMatch,,,,
kulturepoche,334,Concept,OeAI,213,22. Dynastie,,,Osorkon III.-Zeit,,,Osorkon III,,,,https://www.wikidata.org/wiki/Q515584,skos:exactMatch,,,,
kulturepoche,335,Concept,OeAI,213,22. Dynastie,,,Pemu-Zeit,,,Pami,Pimay,,,https://www.wikidata.org/wiki/Q386681,skos:exactMatch,,,,
kulturepoche,336,Concept,OeAI,213,22. Dynastie,,,Petubastis I.-Zeit,,,Pedubastis I,,,,https://www.wikidata.org/wiki/Q548570,skos:exactMatch,,,,
kulturepoche,337,Concept,OeAI,213,22. Dynastie,,,Rudamun-Zeit,,,Rudamon,,,,https://www.wikidata.org/wiki/Q879190,skos:exactMatch,,,,
kulturepoche,338,Concept,OeAI,213,22. Dynastie,,,Schoschenq I.-Zeit,,,Sheshonq I,,,,https://www.wikidata.org/wiki/Q311811,skos:exactMatch,,,,
kulturepoche,339,Concept,OeAI,213,22. Dynastie,,,Schoschenq II.-Zeit,,,Sheshonq II,,,,https://www.wikidata.org/wiki/Q708340,skos:exactMatch,,,,
kulturepoche,340,Concept,OeAI,213,22. Dynastie,,,Schoschenq III.-Zeit,,,Sheshonq III,,,,https://www.wikidata.org/wiki/Q878396,skos:exactMatch,,,,
kulturepoche,341,Concept,OeAI,213,22. Dynastie,,,Schoschenq IIIa.-Zeit,,,Sheshonq IIIa,,,,,,,,,
kulturepoche,342,Concept,OeAI,213,22. Dynastie,,,Schoschenq IV.-Zeit,,,Sheshonq IV,,,,https://www.wikidata.org/wiki/Q781765,skos:exactMatch,,,,
kulturepoche,343,Concept,OeAI,213,22. Dynastie,,,Schoschenq V.-Zeit,,,Sheshonq V,,,,https://www.wikidata.org/wiki/Q21694324,skos:exactMatch,,,,
kulturepoche,344,Concept,OeAI,213,22. Dynastie,,,Takelot I.-Zeit,,,Takelot I,,,,https://www.wikidata.org/wiki/Q548623,skos:exactMatch,,,,
kulturepoche,345,Concept,OeAI,213,22. Dynastie,,,Takelot II.-Zeit,,,Takelot II,,,,https://www.wikidata.org/wiki/Q560026,skos:exactMatch,,,,
kulturepoche,346,Concept,OeAI,213,22. Dynastie,,,Takelot III.-Zeit,,,Takelot III,,,,https://www.wikidata.org/wiki/Q879176,skos:exactMatch,,,,
kulturepoche,347,Concept,OeAI,214,23. Dynastie,,,Auput II.-Zeit,,,Iuput II,,,,https://www.wikidata.org/wiki/Q533344,skos:exactMatch,,,,
kulturepoche,348,Concept,OeAI,214,23. Dynastie,,,Osorkon IV.-Zeit,,,Osorkon IV,,,,https://www.wikidata.org/wiki/Q718214,skos:exactMatch,,,,
kulturepoche,349,Concept,OeAI,214,23. Dynastie,,,Petubastis II.-Zeit,,,Pedubastis II,Pedubast II,,,https://www.wikidata.org/wiki/Q886043,skos:exactMatch,,,,
kulturepoche,350,Concept,OeAI,214,23. Dynastie,,,Psammus-Zeit,,,,,,,,,,,,
kulturepoche,351,Concept,OeAI,215,24. Dynastie,,,Bokchoris-Zeit,,,Bakenrenef,Bakenranef,Bocchoris,,https://www.wikidata.org/wiki/Q510515,skos:exactMatch,,,,
kulturepoche,352,Concept,OeAI,215,24. Dynastie,,,Tefnachte-Zeit,,,Tefnakht,Tefnakhte,,,https://www.wikidata.org/wiki/Q459201,skos:exactMatch,,,,
kulturepoche,353,Concept,OeAI,216,25. Dynastie,,,Amosis II.-Zeit,,,Ahmose II,Amasis II,,,https://www.wikidata.org/wiki/Q312045,skos:exactMatch,,,,
kulturepoche,354,Concept,OeAI,216,25. Dynastie,,,Apries-Zeit,,,Apries,,,,https://www.wikidata.org/wiki/Q349291,skos:exactMatch,,,,
kulturepoche,355,Concept,OeAI,216,25. Dynastie,,,Kaschta-Zeit,,,Kashta,,,,https://www.wikidata.org/wiki/Q546639,skos:exactMatch,,,,
kulturepoche,356,Concept,OeAI,216,25. Dynastie,,,Nekaw I.-Zeit,,,Necho I,,,,https://www.wikidata.org/wiki/Q455594,skos:exactMatch,,,,
kulturepoche,357,Concept,OeAI,216,25. Dynastie,,,Pije-Zeit,,,Piye,Piy,,,https://www.wikidata.org/wiki/Q315695,skos:exactMatch,,,,
kulturepoche,358,Concept,OeAI,216,25. Dynastie,,,Psametik I.-Zeit,,,Psamtek I,Psamtik I,,,https://www.wikidata.org/wiki/Q328763,skos:exactMatch,,,,
kulturepoche,359,Concept,OeAI,216,25. Dynastie,,,Psametik II.-Zeit,,,Psamtek II,Psamtik II,,,https://www.wikidata.org/wiki/Q373521,skos:exactMatch,,,,
kulturepoche,360,Concept,OeAI,216,25. Dynastie,,,Psametik III.-Zeit,,,Psamtek III,Psamtik III,,,https://www.wikidata.org/wiki/Q316278,skos:exactMatch,,,,
kulturepoche,361,Concept,OeAI,216,25. Dynastie,,,Schabako-Zeit,,,Shabaka,Shabaqo,,,https://www.wikidata.org/wiki/Q365929,skos:exactMatch,,,,
kulturepoche,362,Concept,OeAI,216,25. Dynastie,,,Schebitku-Zeit,,,Shebitku,Shebitqo,,,https://www.wikidata.org/wiki/Q434547,skos:exactMatch,,,,
kulturepoche,363,Concept,OeAI,216,25. Dynastie,,,Taharqo-Zeit,,,Taharqo,Taharqa,,,https://www.wikidata.org/wiki/Q315714,skos:exactMatch,,,,
kulturepoche,364,Concept,OeAI,216,25. Dynastie,,,Tanotamun-Zeit,,,Tanutamani,,,,https://www.wikidata.org/wiki/Q434535,skos:exactMatch,,,,
kulturepoche,365,Concept,OeAI,217,3. Dynastie,,,Ahu-Zeit,,,,,,,,,,,,
kulturepoche,366,Concept,OeAI,217,3. Dynastie,,,Djoser-Zeit,,,Djoser,,,,https://www.wikidata.org/wiki/Q174367,skos:exactMatch,,,,
kulturepoche,367,Concept,OeAI,217,3. Dynastie,,,Djoserti-Zeit,,,Sekhemkhet,,,,https://www.wikidata.org/wiki/Q220256,skos:exactMatch,,,,
kulturepoche,368,Concept,OeAI,217,3. Dynastie,,,Hor Chabai-Zeit,,,Hor-Khaba,,,,https://www.wikidata.org/wiki/Q220320,skos:exactMatch,,,,
kulturepoche,369,Concept,OeAI,217,3. Dynastie,,,Nebka-Zeit,,,Nebka,,,,https://www.wikidata.org/wiki/Q889891,skos:exactMatch,,,,
kulturepoche,370,Concept,OeAI,217,3. Dynastie,,,Souphis-Zeit,,,,,,,,,,,,
kulturepoche,371,Concept,OeAI,218,4. Dynastie,,,Bicheris-Zeit,,,Bikheris,,,,https://www.wikidata.org/wiki/Q220318,skos:exactMatch,,,,
kulturepoche,372,Concept,OeAI,218,4. Dynastie,,,Cheops-Zeit,,,Khufu,Cheops,,,https://www.wikidata.org/wiki/Q161904,skos:exactMatch,,,,
kulturepoche,373,Concept,OeAI,218,4. Dynastie,,,Chephren-Zeit,,,Khafra,Chephren,Khafre,,https://www.wikidata.org/wiki/Q199861,skos:exactMatch,,,,
kulturepoche,374,Concept,OeAI,218,4. Dynastie,,,Djedefre-Zeit,,,Djedefre,Djedefra,,,https://www.wikidata.org/wiki/Q209397,skos:exactMatch,,,,
kulturepoche,375,Concept,OeAI,218,4. Dynastie,,,Mykerinos-Zeit,,,Menkaura,Mycerinus,Menkaure,,https://www.wikidata.org/wiki/Q200986,skos:exactMatch,,,,
kulturepoche,376,Concept,OeAI,218,4. Dynastie,,,Schepseskaf-Zeit,,,Shepseskaf,,,,https://www.wikidata.org/wiki/Q220252,skos:exactMatch,,,,
kulturepoche,377,Concept,OeAI,218,4. Dynastie,,,Senofru-Zeit,,,Sneferu,,,,https://www.wikidata.org/wiki/Q189371,skos:exactMatch,,,,
kulturepoche,378,Concept,OeAI,218,4. Dynastie,,,Thamphthis-Zeit,,,Thamphthis,,,,https://www.wikidata.org/wiki/Q204252,skos:exactMatch,,,,
kulturepoche,379,Concept,OeAI,219,5. Dynastie,,,Djedkare-Zeit,,,Djedkara,,,,https://www.wikidata.org/wiki/Q269247,skos:exactMatch,,,,
kulturepoche,380,Concept,OeAI,219,5. Dynastie,,,Menkawhor-Zeit,,,Menkauhor,,,,https://www.wikidata.org/wiki/Q269257,skos:exactMatch,,,,
kulturepoche,381,Concept,OeAI,219,5. Dynastie,,,Neferefre-Zeit,,,Neferefre,,,,https://www.wikidata.org/wiki/Q269271,skos:exactMatch,,,,
kulturepoche,382,Concept,OeAI,219,5. Dynastie,,,Neferirkare-Zeit,,,Neferirkara,Neferirkare,Ranefer A,,https://www.wikidata.org/wiki/Q268576,skos:exactMatch,,,,
kulturepoche,383,Concept,OeAI,219,5. Dynastie,,,Niuserre-Zeit,,,Nyuserra,Nyuserre,,,https://www.wikidata.org/wiki/Q269200,skos:exactMatch,,,,
kulturepoche,384,Concept,OeAI,219,5. Dynastie,,,Sahure-Zeit,,,Sahura,Sahure,,,https://www.wikidata.org/wiki/Q243692,skos:exactMatch,,,,
kulturepoche,385,Concept,OeAI,219,5. Dynastie,,,Schepseskare-Zeit,,,Shepseskara,,,,https://www.wikidata.org/wiki/Q268601,skos:exactMatch,,,,
kulturepoche,386,Concept,OeAI,219,5. Dynastie,,,Unas-Zeit,,,Unas,,,,https://www.wikidata.org/wiki/Q244985,skos:exactMatch,,,,
kulturepoche,387,Concept,OeAI,219,5. Dynastie,,,Userkaf-Zeit,,,Userkaf,,,,https://www.wikidata.org/wiki/Q268614,skos:exactMatch,,,,
kulturepoche,388,Concept,OeAI,220,6. Dynastie,,,Nemtiemsaf I.-Zeit,,,Nemtyemsaf I,,,,https://www.wikidata.org/wiki/Q269209,skos:exactMatch,,,,
kulturepoche,389,Concept,OeAI,220,6. Dynastie,,,Nemtiemsaf II.-Zeit,,,Nemtyemsaf II,,,,https://www.wikidata.org/wiki/Q320908,skos:exactMatch,,,,
kulturepoche,390,Concept,OeAI,220,6. Dynastie,,,Nitokris,,,Nitiqret,Nitocris,,,https://www.wikidata.org/wiki/Q230774,skos:exactMatch,,,,
kulturepoche,391,Concept,OeAI,220,6. Dynastie,,,Pepi I.-Zeit,,,Pepy I,,,,https://www.wikidata.org/wiki/Q269265,skos:exactMatch,,,,
kulturepoche,392,Concept,OeAI,220,6. Dynastie,,,Pepi II.-Zeit,,,Pepy II,,,,https://www.wikidata.org/wiki/Q6198,skos:exactMatch,,,,
kulturepoche,393,Concept,OeAI,220,6. Dynastie,,,Teti-Zeit,,,Teti,,,,https://www.wikidata.org/wiki/Q269285,skos:exactMatch,,,,
kulturepoche,394,Concept,OeAI,220,6. Dynastie,,,Userkare-Zeit,,,Userkara,,,,https://www.wikidata.org/wiki/Q258637,skos:exactMatch,,,,
kulturepoche,395,Concept,OeAI,222,1. Dynastie,,,Athothis-Zeit,,,Hor-Aha,Athothis,,,,,,,,
kulturepoche,396,Concept,OeAI,222,1. Dynastie,,,Bieneches-Zeit,,,Qa'a,,,,https://www.wikidata.org/wiki/Q151819,skos:exactMatch,,,,
kulturepoche,397,Concept,OeAI,222,1. Dynastie,,,Ita-Zeit,,,,,,,,,,,,
kulturepoche,398,Concept,OeAI,222,1. Dynastie,,,Iti-Zeit,,,Djer,,,,https://www.wikidata.org/wiki/Q152375,skos:exactMatch,,,,
kulturepoche,399,Concept,OeAI,222,1. Dynastie,,,Menes-Zeit,,,Menes,,,,https://www.wikidata.org/wiki/Q189574,skos:exactMatch,,,,
kulturepoche,400,Concept,OeAI,222,1. Dynastie,,,Miebis-Zeit,,,Anedjib,,,,https://www.wikidata.org/wiki/Q111079,skos:exactMatch,,,,
kulturepoche,401,Concept,OeAI,222,1. Dynastie,,,Semempses-Zeit,,,Semerkhet,Semempses,,,https://www.wikidata.org/wiki/Q151805,skos:exactMatch,,,,
kulturepoche,402,Concept,OeAI,222,1. Dynastie,,,Usaphais-Zeit,,,Djet,Usaphais,,,https://www.wikidata.org/wiki/Q151828,skos:exactMatch,,,,
kulturepoche,403,Concept,OeAI,223,2. Dynastie,,,Binothris-Zeit,,,Nynetjer,,,,https://www.wikidata.org/wiki/Q151824,skos:exactMatch,,,,
kulturepoche,404,Concept,OeAI,223,2. Dynastie,,,Boethos-Zeit,,,Hotepsekhemwy,,,,https://www.wikidata.org/wiki/Q151817,skos:exactMatch,,,,
kulturepoche,405,Concept,OeAI,223,2. Dynastie,,,Chasechemui-Zeit,,,Khasekhemwy,,,,https://www.wikidata.org/wiki/Q294266,skos:exactMatch,,,,
kulturepoche,406,Concept,OeAI,223,2. Dynastie,,,Hudjefa-Zeit,,,Hudjefa I,,,,https://www.wikidata.org/wiki/Q887937,skos:exactMatch,,,,
kulturepoche,407,Concept,OeAI,223,2. Dynastie,,,Kaiechos-Zeit,,,Nebra,Nebre,,,https://www.wikidata.org/wiki/Q152751,skos:exactMatch,,,,
kulturepoche,408,Concept,OeAI,223,2. Dynastie,,,Neferkare-Zeit,,,Neferkare,,,,https://www.wikidata.org/wiki/Q450558,skos:exactMatch,,,,
kulturepoche,409,Concept,OeAI,223,2. Dynastie,,,Neferkasokar-Zeit,,,Neferkasokar,,,,https://www.wikidata.org/wiki/Q464248,skos:exactMatch,,,,
kulturepoche,410,Concept,OeAI,223,2. Dynastie,,,Periibsen-Zeit,,,Peribsen,,,,https://www.wikidata.org/wiki/Q310878,skos:exactMatch,,,,
kulturepoche,411,Concept,OeAI,223,2. Dynastie,,,Sethenes-Zeit,,,Senedj,,,,https://www.wikidata.org/wiki/Q297704,skos:exactMatch,,,,
kulturepoche,412,Concept,OeAI,223,2. Dynastie,,,Tlas-Zeit,,,Wadjenes,,,,https://www.wikidata.org/wiki/Q2538799,skos:exactMatch,,,,
kulturepoche,413,Concept,OeAI,224,11. Dynastie,,,Anjotef I.-Zeit,,,Intef I,,,,https://www.wikidata.org/wiki/Q310881,skos:exactMatch,,,,
kulturepoche,414,Concept,OeAI,224,11. Dynastie,,,Anjotef II.-Zeit,,,Intef II,,,,https://www.wikidata.org/wiki/Q313869,skos:exactMatch,,,,
kulturepoche,415,Concept,OeAI,224,11. Dynastie,,,Anjotef III.-Zeit,,,Intef III,,,,https://www.wikidata.org/wiki/Q316274,skos:exactMatch,,,,
kulturepoche,416,Concept,OeAI,224,11. Dynastie,,,Mentuhotep I.-Zeit,Menthotpe I.-Zeit,,Mentuhotep I,,,,https://www.wikidata.org/wiki/Q316271,skos:exactMatch,,,,
kulturepoche,417,Concept,OeAI,224,11. Dynastie,,,Mentuhotep II.-Zeit,Menthotpe II.-Zeit,,Mentuhotep II,,,,https://www.wikidata.org/wiki/Q296439,skos:exactMatch,,,,
kulturepoche,418,Concept,OeAI,224,11. Dynastie,,,Mentuhotep III.-Zeit,Menthotpe III.-Zeit,,Mentuhotep III,,,,https://www.wikidata.org/wiki/Q310278,skos:exactMatch,,,,
kulturepoche,419,Concept,OeAI,224,11. Dynastie,,,Mentuhotep IV.-Zeit,Menthotpe IV.-Zeit,,Mentuhotep IV,,,,https://www.wikidata.org/wiki/Q313865,skos:exactMatch,,,,
kulturepoche,420,Concept,OeAI,225,12. Dynastie,,,Amenemhet I.-Zeit,Ammenemes I.-Zeit,,Amenemhet I,Amenemhat I,,,https://www.wikidata.org/wiki/Q18771,skos:exactMatch,,,,
kulturepoche,421,Concept,OeAI,225,12. Dynastie,,,Amenemhet II.-Zeit,Ammenemes II.-Zeit,,Amenemhet II,Amenemhat II,,,https://www.wikidata.org/wiki/Q18734,skos:exactMatch,,,,
kulturepoche,422,Concept,OeAI,225,12. Dynastie,,,Amenemhet III.-Zeit,Ammenemes III.-Zeit,,Amenemhet III,Amenemhat III,,,https://www.wikidata.org/wiki/Q19244,skos:exactMatch,,,,
kulturepoche,423,Concept,OeAI,225,12. Dynastie,,,Amenemhet IV.-Zeit,Ammenemes IV.-Zeit,,Amenemhet IV,Amenemhat IV,,,https://www.wikidata.org/wiki/Q19246,skos:exactMatch,,,,
kulturepoche,424,Concept,OeAI,225,12. Dynastie,,,Sesostris I.-Zeit,,,Senusret I,,,,https://www.wikidata.org/wiki/Q18763,skos:exactMatch,,,,
kulturepoche,425,Concept,OeAI,225,12. Dynastie,,,Sesostris II.-Zeit,,,Senusret II,,,,https://www.wikidata.org/wiki/Q18722,skos:exactMatch,,,,
kulturepoche,426,Concept,OeAI,225,12. Dynastie,,,Sesostris III.-Zeit,,,Senusret III,,,,https://www.wikidata.org/wiki/Q19248,skos:exactMatch,,,,
kulturepoche,427,Concept,OeAI,226,18. Dynastie,,,Aja-Zeit,,,Ay,,,,https://www.wikidata.org/wiki/Q146029,skos:exactMatch,,,,
kulturepoche,428,Concept,OeAI,226,18. Dynastie,,,Amenophis I.-Zeit,,,Amenhotep I,,,,https://www.wikidata.org/wiki/Q157966,skos:exactMatch,,,,
kulturepoche,429,Concept,OeAI,226,18. Dynastie,,,Amenophis II.-Zeit,,,Amenhotep II,,,,https://www.wikidata.org/wiki/Q158052,skos:exactMatch,,,,
kulturepoche,430,Concept,OeAI,226,18. Dynastie,,,Amenophis III.-Zeit,,,Amenhotep III,,,,https://www.wikidata.org/wiki/Q42606,skos:exactMatch,,,,
kulturepoche,431,Concept,OeAI,226,18. Dynastie,,,Amenophis IV.-Zeit,,,Amenhotep IV,,,,https://www.wikidata.org/wiki/Q81794,skos:exactMatch,,,,
kulturepoche,432,Concept,OeAI,226,18. Dynastie,,,Amosis I.-Zeit,,,Ahmose I,,,,https://www.wikidata.org/wiki/Q7222,skos:exactMatch,,,,
kulturepoche,433,Concept,OeAI,226,18. Dynastie,,,Haremhab-Zeit,,,Horemheb,,,,https://www.wikidata.org/wiki/Q157995,skos:exactMatch,,,,
kulturepoche,434,Concept,OeAI,226,18. Dynastie,,,Hatschepsut-Zeit,,,Hatshepsut,,,,https://www.wikidata.org/wiki/Q129234,skos:exactMatch,,,,
kulturepoche,435,Concept,OeAI,226,18. Dynastie,,,Semenchkare-Zeit,,,Smenkhkara,Smenkhkare,Neferneferuaten,,https://www.wikidata.org/wiki/Q158003,skos:exactMatch,,,,
kulturepoche,436,Concept,OeAI,226,18. Dynastie,,,Thutmosis I.-Zeit,,,Thutmose I,,,,https://www.wikidata.org/wiki/Q157962,skos:exactMatch,,,,
kulturepoche,437,Concept,OeAI,226,18. Dynastie,,,Thutmosis II.-Zeit,,,Thutmose II,,,,https://www.wikidata.org/wiki/Q158025,skos:exactMatch,,,,
kulturepoche,438,Concept,OeAI,226,18. Dynastie,,,Thutmosis III.-Zeit,,,Thutmose III,,,,https://www.wikidata.org/wiki/Q157899,skos:exactMatch,,,,
kulturepoche,439,Concept,OeAI,226,18. Dynastie,,,Thutmosis IV.-Zeit,,,Thutmose IV,,,,https://www.wikidata.org/wiki/Q157985,skos:exactMatch,,,,
kulturepoche,440,Concept,OeAI,226,18. Dynastie,,,Tutanchamun-Zeit,,,Tutankhamun,,,,https://www.wikidata.org/wiki/Q12154,skos:exactMatch,,,,
kulturepoche,441,Concept,OeAI,227,19. Dynastie,,,Amenmessu-Zeit,,,Amenmessu,Amenmesses,Amenmose,Amenmesse,https://www.wikidata.org/wiki/Q158065,skos:exactMatch,,,,
kulturepoche,442,Concept,OeAI,227,19. Dynastie,,,Merenptah-Zeit,,,Merenptah,Merneptah,,,https://www.wikidata.org/wiki/Q158043,skos:exactMatch,,,,
kulturepoche,443,Concept,OeAI,227,19. Dynastie,,,Ramses I.-Zeit,,,Ramses I,Ramesses I,,,https://www.wikidata.org/wiki/Q1526,skos:exactMatch,,,,
kulturepoche,444,Concept,OeAI,227,19. Dynastie,,,Ramses II.-Zeit,,,Ramses II,Ramesses II,,,https://www.wikidata.org/wiki/Q1523,skos:exactMatch,,,,
kulturepoche,445,Concept,OeAI,227,19. Dynastie,,,Sethos I.-Zeit,,,Seti I,Sety I,,,https://www.wikidata.org/wiki/Q157918,skos:exactMatch,,,,
kulturepoche,446,Concept,OeAI,227,19. Dynastie,,,Sethos II.-Zeit,,,Seti II,Sety II,,,https://www.wikidata.org/wiki/Q8048,skos:exactMatch,,,,
kulturepoche,447,Concept,OeAI,227,19. Dynastie,,,Siptah-Zeit,,,Saptah,Siptah,,,https://www.wikidata.org/wiki/Q158059,skos:exactMatch,,,,
kulturepoche,448,Concept,OeAI,228,20. Dynastie,,,Ramses III.-Zeit,,,Ramses III,Ramesses III,,,https://www.wikidata.org/wiki/Q1528,skos:exactMatch,,,,
kulturepoche,449,Concept,OeAI,228,20. Dynastie,,,Ramses IV.-Zeit,,,Ramses IV,Ramesses IV,,,https://www.wikidata.org/wiki/Q1532,skos:exactMatch,,,,
kulturepoche,450,Concept,OeAI,228,20. Dynastie,,,Ramses IX.-Zeit,,,Ramses IX,Ramesses IX,,,https://www.wikidata.org/wiki/Q4009,skos:exactMatch,,,,
kulturepoche,451,Concept,OeAI,228,20. Dynastie,,,Ramses V.-Zeit,,,Ramses V,Ramesses V,,,https://www.wikidata.org/wiki/Q4064,skos:exactMatch,,,,
kulturepoche,452,Concept,OeAI,228,20. Dynastie,,,Ramses VI.-Zeit,,,Ramses VI,Ramesses VI,,,https://www.wikidata.org/wiki/Q5167,skos:exactMatch,,,,
kulturepoche,453,Concept,OeAI,228,20. Dynastie,,,Ramses VII.-Zeit,,,Ramses VII,Ramesses VII,,,https://www.wikidata.org/wiki/Q6215,skos:exactMatch,,,,
kulturepoche,454,Concept,OeAI,228,20. Dynastie,,,Ramses VIII.-Zeit,,,Ramses VIII,Ramesses VIII,,,https://www.wikidata.org/wiki/Q8045,skos:exactMatch,,,,
kulturepoche,455,Concept,OeAI,228,20. Dynastie,,,Ramses X.-Zeit,,,Ramses X,Ramesses X,,,https://www.wikidata.org/wiki/Q4026,skos:exactMatch,,,,
kulturepoche,456,Concept,OeAI,228,20. Dynastie,,,Ramses XI.-Zeit,,,Ramses XI,Ramesses XI,,,https://www.wikidata.org/wiki/Q313121,skos:exactMatch,,,,
kulturepoche,457,Concept,OeAI,229,27. Dynastie,,,Artaxerxes II.-Zeit,,,Artaxerxes II,,,,https://www.wikidata.org/wiki/Q188472,skos:exactMatch,,,,
kulturepoche,458,Concept,OeAI,229,27. Dynastie,,,Artaxerxes-Zeit,,,Artaxerxes I,,,,https://www.wikidata.org/wiki/Q189689,skos:exactMatch,,,,
kulturepoche,459,Concept,OeAI,229,27. Dynastie,,,Dareios I.-Zeit,,,Darius I,,,,https://www.wikidata.org/wiki/Q44387,skos:exactMatch,,,,
kulturepoche,460,Concept,OeAI,229,27. Dynastie,,,Dareios II.-Zeit,,,Darius II,,,,https://www.wikidata.org/wiki/Q202236,skos:exactMatch,,,,
kulturepoche,461,Concept,OeAI,229,27. Dynastie,,,Xerxes I.-Zeit,,,Xerxes I,,,,https://www.wikidata.org/wiki/Q129165,skos:exactMatch,,,,
kulturepoche,462,Concept,OeAI,229,27. Dynastie,,,Xerxes II.-Zeit,,,Xerxes II,,,,https://www.wikidata.org/wiki/Q272043,skos:exactMatch,,,,
kulturepoche,463,Concept,OeAI,230,28. Dynastie,,,Amyrtaios,,,Amyrtaios,Amyrtaeus,,,https://www.wikidata.org/wiki/Q318000,skos:exactMatch,,,,
kulturepoche,464,Concept,OeAI,231,29. Dynastie,,,Achoris-Zeit,,,Hakor,Hakoris,Achoris,Hagar,https://www.wikidata.org/wiki/Q360012,skos:exactMatch,,,,
kulturepoche,465,Concept,OeAI,231,29. Dynastie,,,Nepherites II.-Zeit,,,Nepherites II,,,,https://www.wikidata.org/wiki/Q504873,skos:exactMatch,,,,
kulturepoche,466,Concept,OeAI,231,29. Dynastie,,,Nepherites-Zeit,,,Nepherites I,,,,https://www.wikidata.org/wiki/Q450994,skos:exactMatch,,,,
kulturepoche,467,Concept,OeAI,231,29. Dynastie,,,Psamuthis-Zeit,,,Psammuthis,Psammuthes,,,https://www.wikidata.org/wiki/Q879122,skos:exactMatch,,,,
kulturepoche,468,Concept,OeAI,232,30. Dynastie,,,Nektanebes-Zeit,,,Nectanebo I,Nectanebes,,,https://www.wikidata.org/wiki/Q175775,skos:exactMatch,,,,
kulturepoche,469,Concept,OeAI,232,30. Dynastie,,,Nektanebos-Zeit,,,Nectanebo II,,,,https://www.wikidata.org/wiki/Q313126,skos:exactMatch,,,,
kulturepoche,470,Concept,OeAI,232,30. Dynastie,,,Teos-Zeit,,,Teos,,,,https://www.wikidata.org/wiki/Q198688,skos:exactMatch,,,,
kulturepoche,471,Concept,OeAI,233,31. Dynastie,,,Arses-Zeit,,,Arses,,,,https://www.wikidata.org/wiki/Q260783,skos:exactMatch,,,,
kulturepoche,472,Concept,OeAI,233,31. Dynastie,,,Artaxerxes III.-Zeit,,,Artaxerxes III,,,,https://www.wikidata.org/wiki/Q192867,skos:exactMatch,,,,
kulturepoche,473,Concept,OeAI,233,31. Dynastie,,,Chababasch-Zeit,,,Khababash,Khabash,Khabbash,,https://www.wikidata.org/wiki/Q881240,skos:exactMatch,,,,
kulturepoche,474,Concept,OeAI,233,31. Dynastie,,,Dareios III.-Zeit,,,Darius III,,,,https://www.wikidata.org/wiki/Q102865,skos:exactMatch,,,,
kulturepoche,475,Concept,OeAI,287,Spätminoisch III,,,Spätminoisch IIIA,SM IIIA,Spaetminoisch IIIA,Late Minoan IIIA,,,,,,https://chronontology.dainst.org/period/pHRknhlqTDKh,skos:exactMatch,,
kulturepoche,476,Concept,OeAI,299,Mittelbronzezeit,,,"Altes Reich, hethitisch",,,"Old Kingdom, Hittite",,,,,,https://chronontology.dainst.org/period/ADKp8g8Rd4WZ,skos:exactMatch,,
kulturepoche,477,Concept,OeAI,299,Mittelbronzezeit,,,Karumzeit,,,Karum,,,,,,,,,
kulturepoche,478,Concept,OeAI,300,Spätbronzezeit,,,"Großreich, hethitisch",,,"New Kingdom (Empire), Hittite",,,,,,https://chronontology.dainst.org/period/zQku91CVLlbI,skos:exactMatch,,
kulturepoche,479,Concept,OeAI,304,"Neolithikum, akeramisch",,,PPN A,,,Pre-pottery Neolithic A,PPN A,,,https://www.wikidata.org/wiki/Q1047444,skos:exactMatch,,,,
kulturepoche,480,Concept,OeAI,304,"Neolithikum, akeramisch",,,PPN B,,,Pre-pottery Neolithic B,PPN B,,,https://www.wikidata.org/wiki/Q897323,skos:exactMatch,,,,
kulturepoche,481,Concept,OeAI,304,"Neolithikum, akeramisch",,,PPN C,,,Pre-pottery Neolithic C,PPN C,,,https://www.wikidata.org/wiki/Q2717024,skos:exactMatch,,,,
kulturepoche,482,Concept,OeAI,305,"Neolithikum, keramisch",,,frühkeramische Neolithikum ,,,Early Ceramic,,,,,,,,,
kulturepoche,483,Concept,OeAI,305,"Neolithikum, keramisch",,,spätkeramische Neolithikum ,,,Late Ceramic,,,,,,,,,
kulturepoche,484,Concept,OeAI,310,frühkaiserzeitlich,,,julisch-claudisch,,,Julio-Claudian,,,,,,https://chronontology.dainst.org/period/9NcJMGJLmoxO,skos:exactMatch,,
kulturepoche,485,Concept,OeAI,310,frühkaiserzeitlich,,,neronisch,,,Neronian,,,,,,https://chronontology.dainst.org/period/5bvpMrURKXyE,skos:exactMatch,,
kulturepoche,486,Concept,OeAI,311,mittelkaiserzeitlich,,,antoninisch,,,Antonine,,,,,,https://chronontology.dainst.org/period/dZ3ERUpZtmDy,skos:exactMatch,,
kulturepoche,487,Concept,OeAI,311,mittelkaiserzeitlich,,,flavisch,,,Flavian,,,,,,https://chronontology.dainst.org/period/mlZjTl5TmrHV,skos:exactMatch,,
kulturepoche,488,Concept,OeAI,311,mittelkaiserzeitlich,,,hadrianisch,,,Hadrianic,,,,,,https://chronontology.dainst.org/period/RwGmBmSWvZHL,skos:exactMatch,,
kulturepoche,489,Concept,OeAI,311,mittelkaiserzeitlich,,,severisch,,,Severan,,,,,,https://chronontology.dainst.org/period/Zs0m3wO3GgJe,skos:exactMatch,,
kulturepoche,490,Concept,OeAI,311,mittelkaiserzeitlich,,,traianisch,trajanisch,,Trajanic,,,,,,https://chronontology.dainst.org/period/9DshiEVPeqWQ,skos:exactMatch,,
kulturepoche,491,Concept,OeAI,312,spätkaiserzeitlich,,,gallienisch,,,Gallienic,,,,,,https://chronontology.dainst.org/period/sQi9AkYPgCmb,skos:exactMatch,,
kulturepoche,492,Concept,OeAI,312,spätkaiserzeitlich,,,nachgallienisch,,,Post-Gallienic,,,,,,,,,
kulturepoche,493,Concept,OeAI,312,spätkaiserzeitlich,,,tetrarchisch,,,Tetrarchic,,,,,,https://chronontology.dainst.org/period/rioxFiEuYtAG,skos:exactMatch,,
kulturepoche,494,Concept,OeAI,484,julisch-claudisch,,,augusteisch,,,Augustan,,,,,,https://chronontology.dainst.org/period/dSJD5oYSDccr,skos:exactMatch,,
kulturepoche,495,Concept,OeAI,484,julisch-claudisch,,,claudisch,,,Claudian,,,,,,https://chronontology.dainst.org/period/ZEK7GvmSxqyz,skos:exactMatch,,
kulturepoche,496,Concept,OeAI,484,julisch-claudisch,,,tiberisch,,,Tiberian,,,,,,https://chronontology.dainst.org/period/IuZMm71sRTYh,skos:exactMatch,,
kulturepoche,497,Concept,OeAI,486,antoninisch,,,frühantoninisch,,,Early Antonine,,,,,,https://chronontology.dainst.org/period/1dH5kfYOFE5T,skos:exactMatch,,
kulturepoche,498,Concept,OeAI,486,antoninisch,,,mittelantoninisch,,,Middle Antonine,,,,,,https://chronontology.dainst.org/period/MKDQdW5LKYHo,skos:exactMatch,,
kulturepoche,499,Concept,OeAI,486,antoninisch,,,spätantoninisch,,,Late Antonine,,,,,,https://chronontology.dainst.org/period/cGrUW4bfFGlv,skos:exactMatch,,
kulturepoche,500,Concept,OeAI,489,severisch,,,frühseverisch,,,Early Severan,,,,,,https://chronontology.dainst.org/period/UxzJ6VWQnnvJ,skos:exactMatch,,
kulturepoche,501,Concept,OeAI,489,severisch,,,mittelseverisch,,,Middle Severan,,,,,,,,,
kulturepoche,502,Concept,OeAI,489,severisch,,,spätseverisch,,,Late Severan,,,,,,https://chronontology.dainst.org/period/ZfvGCBbvOtdd,skos:exactMatch,,
kulturepoche,503,Concept,OeAI,494,augusteisch,,,frühaugusteisch,,,Early Augustan,,,,,,https://chronontology.dainst.org/period/jMI3kojyyYgk,skos:exactMatch,,
kulturepoche,504,Concept,OeAI,494,augusteisch,,,spätaugusteisch,,,Late Augustan,,,,,,https://chronontology.dainst.org/period/z2IlJ6Ey2mDf,skos:exactMatch,,
